"DESCRIPTION","DURATION IN MS","NAME","PARENT SUITE","START TIME","STATUS","STOP TIME","SUB SUITE","SUITE","TEST CLASS","TEST METHOD"
"","1197","@smoke get all users - schema test","chromium","2026-10-01","passed","2026-10-01","","api/user.api.schema.spec.ts","",""
"","388","@smoke mock search with fake JSON","chromium","2026-10-01","passed","2026-10-01","","api/intercept.spec.ts","",""
"","3605","@smoke App logo exists on Login Page","chromium","2026-10-01","passed","2026-10-01","","homepagefix.spec.ts","",""
"","1612","@smoke get a user - schema test","chromium","2026-10-01","passed","2026-10-01","","api/user.api.schema.spec.ts","",""
"","5591","@smoke verify user is able to land on the product page - canon - Canon EOS 5D","chromium","2026-10-01","passed","2026-10-01","","searchpage.spec.ts","",""
"","3524","@smoke Search Box exists on Login Page","chromium","2026-10-01","passed","2026-10-01","","searchpage.spec.ts","",""
"","3615","@smoke App logo exists on Login Page","chromium","2026-10-01","passed","2026-10-01","","searchpage.spec.ts","",""
"","2684","@smoke Footers exists on Login Page","chromium","2026-10-01","passed","2026-10-01","","loginpagefix.spec.ts","",""
"","454","@smoke mock search page with fake HTML","chromium","2026-10-01","passed","2026-10-01","","api/intercept.spec.ts","",""
"","5795","@smoke verify user is able to land on the product page - macbook - MacBook Pro","chromium","2026-10-01","passed","2026-10-01","","searchpage.spec.ts","",""
"","3462","@smoke Footers exists on Login Page","chromium","2026-10-01","passed","2026-10-01","","searchpage.spec.ts","",""
"","2412","@smoke App logo exists on Login Page","chromium","2026-10-01","passed","2026-10-01","","loginpagefix.spec.ts","",""
"","5549","@smoke verify user is able to land on the product page - macbook - MacBook Air","chromium","2026-10-01","passed","2026-10-01","","searchpage.spec.ts","",""
"","3902","@smoke home page title test","chromium","2026-10-01","passed","2026-10-01","","homepagefix.spec.ts","",""
"","2513","@smoke login page title test","chromium","2026-10-01","passed","2026-10-01","","loginpagefix.spec.ts","",""
"","3007","@smoke Cart exists on Login Page","chromium","2026-10-01","passed","2026-10-01","","loginpagefix.spec.ts","",""
"","3489","@smoke App logo exists on Login Page","chromium","2026-10-01","passed","2026-10-01","","productpage.spec.ts","",""
"","3544","@smoke Search Box exists on Login Page","chromium","2026-10-01","passed","2026-10-01","","homepagefix.spec.ts","",""
"","3530","@smoke Footers exists on Login Page","chromium","2026-10-01","passed","2026-10-01","","homepagefix.spec.ts","",""
"","3691","@smoke Cart exists on Login Page","chromium","2026-10-01","passed","2026-10-01","","homepagefix.spec.ts","",""
"","3544","@smoke Cart exists on Login Page","chromium","2026-10-01","passed","2026-10-01","","productpage.spec.ts","",""
"","3748","@smoke Footers exists on Login Page","chromium","2026-10-01","passed","2026-10-01","","productpage.spec.ts","",""
"","3505","@smoke Search Box exists on Login Page","chromium","2026-10-01","passed","2026-10-01","","productpage.spec.ts","",""
"","3443","@smoke Cart exists on Login Page","chromium","2026-10-01","passed","2026-10-01","","searchpage.spec.ts","",""
"","5445","@smoke verify user is able to land on the product page - samsung - Samsung Galaxy Tab 10.1","chromium","2026-10-01","passed","2026-10-01","","searchpage.spec.ts","",""
"","5584","@smoke verify product header","chromium","2026-10-01","passed","2026-10-01","","productpage.spec.ts","",""
"","2930","@smoke Search Box exists on Login Page","chromium","2026-10-01","passed","2026-10-01","","loginpagefix.spec.ts","",""
"","4962","@smoke verify user is able to land on the product page - imac - iMac","chromium","2026-10-01","passed","2026-10-01","","searchpage.spec.ts","",""
"","3724","@smoke logout link exist test","chromium","2026-10-01","passed","2026-10-01","","homepagefix.spec.ts","",""
"","337","@smoke @regression GET API - get all users","chromium","2026-10-01","passed","2026-10-01","running e2e go rest crud apis tests","api/user.api.spec.ts","",""
